{"errors":[],"warnings":[],"namedChunkGroups":{"app":{"chunks":[6,0,2],"assets":["webpack-runtime-e05f3cb3beaadd71eaa2.js","webpack-runtime-e05f3cb3beaadd71eaa2.js.map","commons-3daccd91d6bac6b8ee22.js","commons-3daccd91d6bac6b8ee22.js.map","app-b67e9a27067a5e2b76de.js","app-b67e9a27067a5e2b76de.js.map"],"children":{},"childAssets":{}},"component---src-pages-404-js":{"chunks":[1,0,3],"assets":["styles.89adc4c44d2e054a4442.css","styles-dccd04d329b7344ec8f5.js","styles-dccd04d329b7344ec8f5.js.map","commons-3daccd91d6bac6b8ee22.js","commons-3daccd91d6bac6b8ee22.js.map","component---src-pages-404-js-510523b9e907830431b2.js","component---src-pages-404-js-510523b9e907830431b2.js.map"],"children":{},"childAssets":{}},"component---src-pages-index-js":{"chunks":[1,0,4],"assets":["styles.89adc4c44d2e054a4442.css","styles-dccd04d329b7344ec8f5.js","styles-dccd04d329b7344ec8f5.js.map","commons-3daccd91d6bac6b8ee22.js","commons-3daccd91d6bac6b8ee22.js.map","component---src-pages-index-js-4bb0a251855b18c99db5.js","component---src-pages-index-js-4bb0a251855b18c99db5.js.map"],"children":{},"childAssets":{}},"component---src-pages-page-2-js":{"chunks":[1,0,5],"assets":["styles.89adc4c44d2e054a4442.css","styles-dccd04d329b7344ec8f5.js","styles-dccd04d329b7344ec8f5.js.map","commons-3daccd91d6bac6b8ee22.js","commons-3daccd91d6bac6b8ee22.js.map","component---src-pages-page-2-js-4bae9401993324af7858.js","component---src-pages-page-2-js-4bae9401993324af7858.js.map"],"children":{},"childAssets":{}}},"assetsByChunkName":{"app":["webpack-runtime-e05f3cb3beaadd71eaa2.js","commons-3daccd91d6bac6b8ee22.js","app-b67e9a27067a5e2b76de.js"],"component---src-pages-404-js":["styles.89adc4c44d2e054a4442.css","styles-dccd04d329b7344ec8f5.js","commons-3daccd91d6bac6b8ee22.js","component---src-pages-404-js-510523b9e907830431b2.js"],"component---src-pages-index-js":["styles.89adc4c44d2e054a4442.css","styles-dccd04d329b7344ec8f5.js","commons-3daccd91d6bac6b8ee22.js","component---src-pages-index-js-4bb0a251855b18c99db5.js"],"component---src-pages-page-2-js":["styles.89adc4c44d2e054a4442.css","styles-dccd04d329b7344ec8f5.js","commons-3daccd91d6bac6b8ee22.js","component---src-pages-page-2-js-4bae9401993324af7858.js"]}}