{"errors":[],"warnings":[],"namedChunkGroups":{"app":{"chunks":[6,0,2],"assets":["webpack-runtime-323086c9f254e2687dbc.js","webpack-runtime-323086c9f254e2687dbc.js.map","commons-8947d5992e0bcee6c849.js","commons-8947d5992e0bcee6c849.js.map","app-d03113b2bf0ba6590385.js","app-d03113b2bf0ba6590385.js.map"],"children":{},"childAssets":{}},"component---src-pages-404-js":{"chunks":[1,0,3],"assets":["styles.769a675f7a0c5c56f006.css","styles-dccd04d329b7344ec8f5.js","styles-dccd04d329b7344ec8f5.js.map","commons-8947d5992e0bcee6c849.js","commons-8947d5992e0bcee6c849.js.map","component---src-pages-404-js-510523b9e907830431b2.js","component---src-pages-404-js-510523b9e907830431b2.js.map"],"children":{},"childAssets":{}},"component---src-pages-index-js":{"chunks":[1,0,4],"assets":["styles.769a675f7a0c5c56f006.css","styles-dccd04d329b7344ec8f5.js","styles-dccd04d329b7344ec8f5.js.map","commons-8947d5992e0bcee6c849.js","commons-8947d5992e0bcee6c849.js.map","component---src-pages-index-js-c16ff61f7235c43eace4.js","component---src-pages-index-js-c16ff61f7235c43eace4.js.map"],"children":{},"childAssets":{}},"component---src-pages-page-2-js":{"chunks":[1,0,5],"assets":["styles.769a675f7a0c5c56f006.css","styles-dccd04d329b7344ec8f5.js","styles-dccd04d329b7344ec8f5.js.map","commons-8947d5992e0bcee6c849.js","commons-8947d5992e0bcee6c849.js.map","component---src-pages-page-2-js-4bae9401993324af7858.js","component---src-pages-page-2-js-4bae9401993324af7858.js.map"],"children":{},"childAssets":{}}},"assetsByChunkName":{"app":["webpack-runtime-323086c9f254e2687dbc.js","commons-8947d5992e0bcee6c849.js","app-d03113b2bf0ba6590385.js"],"component---src-pages-404-js":["styles.769a675f7a0c5c56f006.css","styles-dccd04d329b7344ec8f5.js","commons-8947d5992e0bcee6c849.js","component---src-pages-404-js-510523b9e907830431b2.js"],"component---src-pages-index-js":["styles.769a675f7a0c5c56f006.css","styles-dccd04d329b7344ec8f5.js","commons-8947d5992e0bcee6c849.js","component---src-pages-index-js-c16ff61f7235c43eace4.js"],"component---src-pages-page-2-js":["styles.769a675f7a0c5c56f006.css","styles-dccd04d329b7344ec8f5.js","commons-8947d5992e0bcee6c849.js","component---src-pages-page-2-js-4bae9401993324af7858.js"]}}